594792879	b'babita'	bindiasri
2222861534	b'CorpLawyer Blog'	CorpLawyerB
78667262	b' '	53khar
335893454	b'Alpana Singh '	alpsjelo
814968864	b'anuj prajapati'	anujprajapati11
1974286099	b'A'	misfielding
402534954	b'Pawan Kumar Jaiswal'	Parsahiya
996679160	b'JOBLESS'	A_Lootera
208417986	b'Latest SC Judgments'	SCJudgments
170171682	b'Sivanandan'	sivacheriyil
2204409086	b'Keh Ke Lunga'	Hang_Overr
148316126	b'ThrillSeekers Music'	ThrillSeekersMG
1522014697	b'Crime Master'	CriminalEver
422791150	b'Singh D'	deepak112537
14003712	b'philwaud'	philwaud
1384772023	b'Yash Jain'	TheYashJain99
1521351216	b'Antara'	KeBoloTaraRara
202066138	b'VIJAY KUMAR GUPTA'	sr_vijayk
971212663	b'Common White Girl'	WhiteGlRLS
491052341	b'Pepper'	purelikelove
